{
  "Petición a postgres 1 día" : {
    "transaction" : "Petición a postgres 1 día",
    "sampleCount" : 60,
    "errorCount" : 0,
    "errorPct" : 0.0,
    "meanResTime" : 9198.166666666666,
    "medianResTime" : 9269.5,
    "minResTime" : 7870.0,
    "maxResTime" : 9600.0,
    "pct1ResTime" : 9475.1,
    "pct2ResTime" : 9507.0,
    "pct3ResTime" : 9600.0,
    "throughput" : 5.950609937518595,
    "receivedKBytesPerSec" : 7.839231255578697,
    "sentKBytesPerSec" : 0.9588385153228206
  },
  "Total" : {
    "transaction" : "Total",
    "sampleCount" : 240,
    "errorCount" : 0,
    "errorPct" : 0.0,
    "meanResTime" : 18282.17916666666,
    "medianResTime" : 5806.0,
    "minResTime" : 396.0,
    "maxResTime" : 60916.0,
    "pct1ResTime" : 59868.4,
    "pct2ResTime" : 60324.85,
    "pct3ResTime" : 60806.41,
    "throughput" : 3.026825238677782,
    "receivedKBytesPerSec" : 3.9047227932552246,
    "sentKBytesPerSec" : 0.48624292164306165
  },
  "Petición a postgres una semana" : {
    "transaction" : "Petición a postgres una semana",
    "sampleCount" : 60,
    "errorCount" : 0,
    "errorPct" : 0.0,
    "meanResTime" : 58160.78333333333,
    "medianResTime" : 59266.5,
    "minResTime" : 43226.0,
    "maxResTime" : 60916.0,
    "pct1ResTime" : 60591.0,
    "pct2ResTime" : 60746.6,
    "pct3ResTime" : 60916.0,
    "throughput" : 0.9827687872633166,
    "receivedKBytesPerSec" : 1.2975619144335977,
    "sentKBytesPerSec" : 0.15835629872895238
  },
  "Petición a timescale 1 día" : {
    "transaction" : "Petición a timescale 1 día",
    "sampleCount" : 60,
    "errorCount" : 0,
    "errorPct" : 0.0,
    "meanResTime" : 2560.7666666666664,
    "medianResTime" : 2773.5,
    "minResTime" : 396.0,
    "maxResTime" : 3143.0,
    "pct1ResTime" : 3054.5,
    "pct2ResTime" : 3088.15,
    "pct3ResTime" : 3143.0,
    "throughput" : 16.38001638001638,
    "receivedKBytesPerSec" : 20.650977682227683,
    "sentKBytesPerSec" : 2.6233619983619985
  },
  "Petición a timescale una semana" : {
    "transaction" : "Petición a timescale una semana",
    "sampleCount" : 60,
    "errorCount" : 0,
    "errorPct" : 0.0,
    "meanResTime" : 3208.9999999999995,
    "medianResTime" : 3424.0,
    "minResTime" : 862.0,
    "maxResTime" : 3742.0,
    "pct1ResTime" : 3667.7,
    "pct2ResTime" : 3707.5,
    "pct3ResTime" : 3742.0,
    "throughput" : 13.395847287340924,
    "receivedKBytesPerSec" : 16.90179169457468,
    "sentKBytesPerSec" : 2.145428667113195
  }
}